{
  "trainers": [
    "0254fadf-eb6a-458c-a896-4d8f1a901c4d",
    "e91249d5-b575-4b43-8911-2f77a5b66cf5",
    "8aefad04-fe28-4dd5-bc34-ea4f7096f806"
  ],
  "originalDim": "minecraft:overworld",
  "adjustX": 0.0,
  "originalPos": [
    1884.7444959752365,
    71.0,
    92.7932789526055
  ]
}