{
  "trainers": [
    "b282aa86-9da8-47ca-af93-b832d2182f4e",
    "43983552-e37c-46cc-b518-560c776a851c",
    "2314d19a-4efb-450a-a603-2bd9e46c4434"
  ],
  "originalDim": "minecraft:overworld",
  "adjustX": 0.0,
  "originalPos": [
    3210.0449260216465,
    107.0,
    -2486.07704238891
  ],
  "highestLevelBeaten": 30.0
}