{
  "trainers": [
    "ff89566e-ea19-47bb-aaa4-56345b439da6",
    "12e8802c-482b-4bc8-a057-72ab6fc1f3de",
    "fec28a32-051a-4c3b-bcfb-15559f67e890"
  ],
  "originalDim": "minecraft:overworld",
  "adjustX": 0.0,
  "originalPos": [
    3211.5425124530702,
    68.0,
    -918.4537711732496
  ],
  "highestLevelBeaten": 20.0
}